{"put": {"data": [[0.0008368739945581183, 0.0007967350029502995, 0.0007324620019062422, 0.0007653560023754835, 0.0021911850053584203, 0.000746967998566106, 0.0007787199938320555, 0.0007563200051663443, 0.0008267279990832321, 0.0008555890017305501], [0.0009564179999870248, 0.0009587910026311874, 0.0008875540006556548, 0.0008964350054156967, 0.0009179729968309402, 0.0008736050003790297, 0.0008749150001676753, 0.0008660020030220039, 0.0008776109971222468, 0.000855712998600211], [0.0020978179964004084, 0.0016386930001317523, 0.0015626100066583604, 0.0015900649959803559, 0.001542137993965298, 0.001515019997896161, 0.0014968350005801767, 0.0015327240034821443, 0.0015476710032089613, 0.0015746849967399612], [0.0185089419974247, 0.018167305999668315, 0.018585268000606447, 0.02548200799355982, 0.017429463005100843, 0.01810370699968189, 0.017340623002382927, 0.017545524999150075, 0.017981655997573398, 0.018246455998450983], [0.17416367399709998, 0.17038777400011895, 0.16378568599611754, 0.16436200099997222, 0.16384163700422505, 0.1649055289963144, 0.16533064400573494, 0.16605865200108383, 0.1655363780009793, 0.16653079300158424]], "labels": ["1000", "10000", "100000", "1000000", "10000000"]}, "get": {"data": [[0.000765074000810273, 0.0007799710001563653, 0.0007287179978447966, 0.0007447929965564981, 0.0007468919939128682, 0.0008021699977689423, 0.00076244799856795, 0.0007754649996059015, 0.0007671370040043257, 0.0007672430001548491], [0.001003076002234593, 0.0008465760038234293, 0.0008420439990004525, 0.000826727002277039, 0.0008452789988950826, 0.0008417450007982552, 0.0008426380009041168, 0.0008692589981365018, 0.0008627950010122731, 0.0008388639980694279], [0.00222640999709256, 0.002021265994699206, 0.0019846650029649027, 0.001956810003321152, 0.0019510529964463785, 0.001941143003932666, 0.0019239440007368103, 0.0019121980003546923, 0.0019171169988112524, 0.0019449390019872226], [0.02521155000431463, 0.024857394004357047, 0.02432966500055045, 0.02422895299969241, 0.02229991400236031, 0.022143010995932855, 0.02198413100268226, 0.022648115002084523, 0.022747867995349225, 0.021827157004736364], [0.23161424999852898, 0.2551186290002079, 0.23180524099734612, 0.24644794699997874, 0.23465859499992803, 0.25084171300113667, 0.23642072799702873, 0.23881362600513967, 0.23431271300069056, 0.24471307099884143]], "labels": ["1000", "10000", "100000", "1000000", "10000000"]}, "delete": {"data": [[0.0007607050065416843, 0.0007265859967446886, 0.0007549309957539663, 0.0007744430040474981, 0.0007791539974277839, 0.0007843309940653853, 0.0007864370054448955, 0.0007921630021883175, 0.0007375869972747751, 0.0007797479993314482], [0.0008363710003322922, 0.000762791998567991, 0.000716538997949101, 0.0007049109990475699, 0.0007289480054168962, 0.000695408001774922, 0.001175354998849798, 0.0007023550060694106, 0.0006883790047140792, 0.0007023920043138787], [0.0007192129996838048, 0.0007292380032595247, 0.0007685320015298203, 0.000719935997040011, 0.0007274090021383017, 0.0007138290020520799, 0.0007159059969126247, 0.0007228399990708567, 0.0007202920023701154, 0.0007297150004887953], [0.0008246430006693117, 0.0008274260035250336, 0.0008025509960134514, 0.0007592580004711635, 0.0007735580002190545, 0.0007705949974479154, 0.0008034269994823262, 0.0007982050010468811, 0.0007878959950176068, 0.0008063610002864152], [0.000918926001759246, 0.0012496370036387816, 0.0008774230009294115, 0.0008979749982245266, 0.0009295440031564794, 0.0009141180053120479, 0.0008353749944944866, 0.0008814780012471601, 0.0008861289970809594, 0.0009243690001312643]], "labels": ["1000", "10000", "100000", "1000000", "10000000"]}}