{"put": {"data": [[0.060105493997980375, 0.030615365998528432, 0.03062438400229439, 0.05775200099742506, 0.025867285999993328, 0.028019067001878284, 0.04464806500618579, 0.02393388700147625, 0.03713319700182183, 0.04311077400052454], [0.061802810996596236, 0.02943330600101035, 0.028037707998009864, 0.026360698000644334, 0.1307688209999469, 0.03110473000560887, 0.027432670001871884, 0.026082454998686444, 0.051654345996212214, 0.04462009700364433], [0.04254753399436595, 0.11587571999552893, 0.06334577799862018, 0.047094825000385754, 0.034644507002667524, 0.03128233099414501, 0.029931682998721953, 0.15127612300420878, 0.03688015099760378, 0.03392652500042459], [0.051504622999345884, 0.09081700300157536, 0.20329887900152244, 0.11170610100089107, 0.06133866299933288, 0.1068193320024875, 0.143629524995049, 0.07916066200414207, 0.050722612999379635, 0.07558621000498533], [0.279876555003284, 0.3120147080044262, 0.2631107759953011, 0.2550834470021073, 0.2636547319998499, 0.2859750849966076, 0.3140137029986363, 0.28361983400100144, 0.2605274290035595, 0.22707389700372005]], "labels": ["1000", "10000", "100000", "1000000", "10000000"]}, "get": {"data": [[0.02109335300337989, 0.01621733699721517, 0.01849650400254177, 0.019056714001635555, 0.016212276001169812, 0.01744560299994191, 0.01711306300421711, 0.02077046100021107, 0.018010218998824712, 0.016003245997126214], [0.016650692996336147, 0.016916229003982153, 0.01723922500241315, 0.016718015998776536, 0.02769285700196633, 0.01772427499963669, 0.01619769399985671, 0.0164154470039648, 0.017853186996944714, 0.01584857900161296], [0.018941663001896814, 0.01948133800033247, 0.017592636999324895, 0.017431757994927466, 0.01935586300533032, 0.018211839000287, 0.015724319004220888, 0.023106164997443557, 0.01733696500014048, 0.020003682999231387], [0.11186268399615074, 0.03773043499677442, 0.030956508999224752, 0.09710998400259996, 0.037177505997533444, 0.0317052429963951, 0.09643101300025592, 0.03083476799656637, 0.031938408996211365, 0.03226827899925411], [0.1953455490001943, 0.1957736480035237, 0.18075184199551586, 0.19919944499997655, 0.18990434900479158, 0.6079941920033889, 0.23715751800045837, 0.186259740999958, 0.18584902599832276, 0.18944124299741816]], "labels": ["1000", "10000", "100000", "1000000", "10000000"]}, "delete": {"data": [[0.020888708997517824, 0.018546213999798056, 0.021134155998879578, 0.02090060099726543, 0.017024241002218332, 0.01816017100645695, 0.021924897999269888, 0.024709060999157373, 0.019016092002857476, 0.02024353199522011], [0.024240180995548144, 0.0203232330022729, 0.020090242993319407, 0.019361512997420505, 0.024378292000619695, 0.018509076995542273, 0.022021917000529356, 0.01925946299888892, 0.020038148999447003, 0.023487831000238657], [0.01985213399893837, 0.01840081499540247, 0.01961416600533994, 0.033305401004326995, 0.018501324993849266, 0.024444401999062393, 0.023235030996147543, 0.02402500400057761, 0.018637998000485823, 0.0196413060039049], [0.0267698300012853, 0.019397796000703238, 0.018992451994563453, 0.017546269002195913, 0.025317817002360243, 0.01985547400545329, 0.020401788999151904, 0.022295877999567892, 0.02079225499619497, 0.020172549004200846], [0.01886148500489071, 0.0203098019992467, 0.018764263004413806, 0.019392998998227995, 0.021659482998074964, 0.02060119900124846, 0.02409877400350524, 0.018747839996649418, 0.04214736699941568, 0.02320625400170684]], "labels": ["1000", "10000", "100000", "1000000", "10000000"]}}